No_of_prdt,No_of_dictinct_prdt,Revenue,Baskets,Rev_per_basket,CustomerID
135078,3681,1402909.567,3526,10.38592196,0
281,120,65581.32946,29,233.3855141,16684
1640,884,50655.55972,45,30.88753641,14298
151,34,33131.45961,48,219.4136398,16013
45,9,26626.7992,22,591.706649,16333
1508,408,19553.8799,48,12.96676386,15039
741,233,16369.09993,38,22.09055321,12921
314,183,14170.9099,20,45.13028629,15513
474,261,12944.91991,21,27.30995761,12621
9,9,11889.69989,3,1321.077765,16000
308,95,10923.29996,87,35.4652596,12971
111,60,10464.84989,12,94.2779269,14062
389,191,10040.83991,21,25.8119278,17865
298,151,9163.669808,22,30.75056982,16523
633,334,8707.419948,19,13.75579771,13969
162,36,8393.220024,7,51.81000015,18139
392,159,7864.079998,26,20.06142857,14849
454,120,7522.219956,27,16.56876642,18109
668,235,7191.289971,22,10.76540415,16729
251,115,6858.629985,16,27.32521906,12583
632,339,6723.309949,16,10.63814865,16713
363,223,6604.319934,11,18.19371883,18055
127,46,6479.339948,13,51.01842479,15482
117,57,6287.769928,4,53.74162331,16126
369,75,6100.739992,9,16.53317071,17509
264,177,5856.559954,12,22.18393922,12476
803,542,5723.839962,9,7.128069691,14505
286,205,5601.749919,7,19.58653818,17686
252,164,5465.139985,13,21.68706343,15502
278,111,5329.119967,16,19.16949628,17719
135,111,5176.149981,5,38.34185171,16258
166,81,5078.039868,18,30.59060161,18198
199,101,4994.490012,12,25.09793976,17858
269,218,4864.659952,8,18.08423774,14329
222,155,4749.359973,14,21.39351339,13013
1212,501,4660.29997,12,3.845131988,14159
291,135,4562.509975,10,15.67872844,14390
171,102,4492.239956,7,26.2704091,14004
53,53,4366.780012,1,82.39207571,12752
222,189,4230.239958,6,19.05513495,14422
108,107,4148.409972,5,38.41120344,12432
419,191,4090.929936,21,9.763555934,17377
217,117,4053.179976,15,18.67824874,14092
177,138,4002.34996,5,22.61214667,12444
137,123,3952.559955,8,28.85080259,15874
193,165,3896.00997,5,20.18658016,15416
76,23,3844.399862,13,50.58420871,18073
103,68,3783.039978,8,36.72854348,13435
156,70,3729.339951,15,23.90602533,14282
24,6,3697.50001,10,154.0625004,12980
140,97,3648.360004,9,26.05971432,15845
295,184,3591.299948,8,12.17389813,16242
189,135,3547.669953,5,18.77074049,15484
49,36,3501.949939,8,71.4683661,17819
168,115,3460.549974,5,20.59851175,12668
97,53,3408.479964,8,35.1389687,15981
122,48,3379.67995,8,27.70229467,15410
229,200,3321.409971,7,14.50397367,13198
207,144,3267.599965,7,15.78550708,16556
119,50,3248.179957,11,27.29562989,12594
138,120,3188.089972,3,23.10210125,13952
177,107,3147.309976,9,17.7814123,15632
95,49,3097.619999,7,32.60652631,13520
75,48,3075.039999,8,41.00053333,12910
107,89,3055.78997,6,28.55878476,14257
176,156,3032.729994,5,17.23142042,13015
155,108,2992.509967,7,19.30651592,15491
358,121,2941.049967,14,8.215223372,16393
63,55,2917.049976,5,46.30238057,12906
78,37,2879.699974,5,36.91923043,14251
221,174,2841.589985,4,12.85787324,18145
169,154,2812.339982,4,16.64106498,17728
158,148,2777.439979,5,17.57873405,15065
139,131,2746.249993,7,19.75719419,16871
113,81,2715.639984,6,24.03221225,12408
167,159,2690.109982,3,16.108443,14125
129,105,2667.299984,4,20.67674406,12456
120,114,2628.939999,5,21.90783332,13771
177,140,2609.859981,9,14.74497164,15696
140,86,2573.049994,7,18.37892853,18260
97,79,2555.759997,6,26.34804121,16618
124,57,2520.989986,7,20.3305644,12726
340,240,2503.229978,7,7.362441112,13975
105,89,2482.99998,12,23.64761886,16912
50,37,2473.609961,5,49.47219922,12913
162,146,2446.59998,4,15.10246901,13507
137,111,2427.209998,7,17.7168613,14766
286,232,2384.789982,6,8.33842651,12517
145,139,2343.679975,6,16.16331017,15089
297,209,2322.409967,9,7.819562179,17634
489,327,2295.369985,13,4.694008149,17954
120,112,2285.119979,5,19.04266649,17722
46,37,2257.610029,5,49.0784789,16209
143,132,2233.589984,12,15.61951038,15235
105,77,2218.33996,3,21.12704724,17768
216,164,2202.309989,5,10.19587958,13680
193,89,2191.83998,8,11.35668383,16743
120,102,2177.999973,11,18.14999977,16293
72,35,2157.99999,7,29.97222209,14466
132,92,2145.709982,5,16.25537865,13115
134,109,2120.599984,8,15.82537302,16057
137,74,2101.379974,13,15.33853996,15373
756,263,2088.91998,16,2.763121667,18283
118,104,2062.589984,4,17.47957613,14360
142,124,2046.819995,9,14.41422532,13126
40,35,2024.809978,4,50.62024946,14001
71,34,2018.909954,7,28.43535147,14188
27,27,2007.400012,1,74.3481486,15372
115,58,1996.479986,11,17.36069553,18219
220,190,1976.939992,5,8.986090874,17827
274,146,1939.759982,10,7.079415993,17218
299,177,1916.44998,6,6.409531707,15493
237,154,1904.369975,7,8.035316348,14653
55,40,1882.28998,7,34.22345418,14409
479,287,1864.249988,10,3.891962396,15021
135,93,1853.129992,7,13.72688883,17422
99,69,1841.179998,7,18.59777776,16455
96,76,1824.719976,9,19.00749975,12963
368,237,1803.439989,8,4.900652145,16474
364,239,1791.289992,6,4.921126352,18122
108,63,1781.119983,10,16.49185169,17705
117,86,1772.609981,5,15.15051266,13510
104,85,1767.529982,6,16.99548059,15594
126,97,1757.52999,9,13.94865072,12423
203,108,1744.619975,8,8.594187068,16719
102,94,1733.689992,6,16.99696071,14595
90,63,1717.549984,8,19.08388871,17663
46,34,1698.939989,5,36.93347802,13824
17,17,1689.460023,2,99.38000135,13763
86,76,1670.539993,4,19.42488364,13149
6,4,1659.749984,4,276.6249973,14045
183,138,1648.789997,11,9.009781404,13184
29,28,1631.769993,2,56.2679308,14164
68,53,1622.019982,8,23.85323503,12457
78,66,1613.67999,3,20.688205,13425
34,24,1592.059994,4,46.82529393,14970
94,93,1581.789989,2,16.82755308,13850
45,45,1565.879982,1,34.79733294,12764
88,80,1550.57,5,17.62011364,18239
151,66,1535.259999,8,10.16728476,15365
51,45,1521.229967,9,29.82803857,16365
69,42,1515.899996,5,21.96956516,16748
120,81,1501.509983,4,12.51258319,12937
108,90,1491.309983,4,13.80842577,15530
98,79,1485.129992,8,15.15438767,14414
241,127,1478.599982,10,6.135269635,14573
306,233,1468.079993,3,4.797647036,15427
160,125,1452.68998,9,9.079312373,15916
123,90,1441.529986,5,11.71975598,18016
48,30,1429.639998,6,29.78416662,16103
191,145,1416.769985,5,7.417643899,15858
52,24,1405.780024,3,27.03423124,17083
25,25,1400.219996,2,56.00879984,15057
68,37,1392.279993,4,20.47470578,14019
85,74,1383.69999,5,16.27882341,16463
87,70,1377.759991,6,15.83632174,15898
57,49,1366.839992,4,23.97964899,13308
12,12,1351.449988,1,112.6208324,12770
128,93,1341.489978,9,10.48039046,17368
74,60,1334.109993,3,18.02851341,15398
92,89,1323.38999,3,14.3846738,12620
55,43,1315.979986,4,23.92690884,14897
67,47,1309.210003,6,19.54044781,12775
239,161,1299.419984,10,5.4369037,15059
34,22,1290.009999,6,37.94147055,14047
125,80,1281.559995,6,10.25247996,16899
13,5,1268.699974,4,97.5923057,15199
52,34,1255.979998,3,24.1534615,12372
147,105,1251.839989,4,8.515918291,17802
83,76,1245.959984,2,15.01156608,16101
15,13,1236.879941,4,82.45866275,17388
77,58,1229.709992,6,15.97025964,13860
117,100,1213.119999,3,10.368547,15376
55,46,1205.02999,3,21.90963619,12488
64,57,1198.039996,5,18.71937494,17410
66,48,1187.659984,4,17.99484825,16612
52,48,1169.379992,4,22.48807677,16639
42,39,1158.719986,3,27.5885711,16950
67,45,1152.189988,5,17.19686549,12997
58,43,1142.75999,5,19.70275844,15227
69,52,1134.689989,5,16.44478245,16172
177,141,1125.16999,3,6.356892601,13772
118,101,1118.810008,4,9.481440745,15716
193,127,1107.889986,8,5.740362624,17894
160,144,1100.129991,3,6.875812443,14971
62,55,1097.569989,4,17.70274176,13447
60,59,1088.719992,4,18.14533319,15608
54,54,1083.039991,1,20.05629614,16270
38,33,1077.029991,5,28.34289451,17770
64,56,1066.569999,7,16.66515623,14948
60,53,1059.739993,3,17.66233321,15088
51,47,1050.890003,2,20.60568633,12849
61,51,1046.559983,4,17.15672104,14293
69,61,1041.779992,4,15.09826075,15801
7,5,1034.499979,2,147.7857113,15171
30,15,1028.000005,5,34.26666685,16682
67,48,1019.350003,5,15.21417915,16094
351,127,189147.031,47,538.8804302,17450
274,46,58114.70974,64,212.0974808,16029
7983,1331,38994.55963,125,4.884699942,17841
4642,1769,30100.70976,211,6.484426918,12748
15,6,21535.89981,4,1435.726654,15749
531,152,17010.32988,31,32.03451954,12471
653,297,16161.18986,28,24.74914221,15856
284,135,13805.56993,21,48.61116172,16705
380,96,12410.08004,27,32.65810538,13078
47,21,11581.80023,8,246.4212815,12939
134,128,10696.8,7,79.82686568,13340
429,185,10346.7999,24,24.11841469,15615
120,48,9695.269909,39,80.79391591,13199
257,103,9013.769961,16,35.07303487,12709
268,88,8574.110032,21,31.99294788,17017
1128,321,8100.059937,24,7.1809042,14056
59,28,7786.83982,11,131.9803359,13629
326,209,7432.409973,16,22.7988036,15194
353,108,7012.609928,16,19.8657505,13985
68,41,6788.269947,16,99.82749922,12989
94,51,6675.709834,23,71.01818972,16353
757,390,6571.459949,9,8.680924635,17338
240,163,6363.319968,16,26.5138332,12431
1160,368,6142.569956,29,5.295318928,15005
307,232,6001.579948,10,19.54912035,12626
205,99,5802.679971,33,28.30575596,14735
86,63,5659.049996,13,65.80290693,16553
742,275,5574.449985,31,7.512735828,17757
307,220,5430.329949,18,17.68837117,15805
274,158,5269.359955,5,19.23124071,12539
245,131,5164.599956,10,21.07999982,12490
565,335,5037.379948,7,8.915716722,17602
151,67,4913.319981,14,32.53854292,16191
47,24,4785.36994,6,101.8163817,13941
228,96,4711.209978,14,20.66320166,16722
278,196,4621.51997,14,16.62417255,15152
109,63,4532.299945,16,41.58073344,15291
414,288,4428.049972,12,10.69577288,17364
418,354,4322.669962,3,10.3413157,16984
35,10,4199.849978,12,119.9957136,15971
219,166,4134.739977,9,18.88009122,12949
350,256,4078.419966,7,11.65262848,12484
142,59,4031.339946,14,28.38971793,12712
219,87,3986.419992,13,18.20283101,16186
169,75,3922.409957,11,23.20952637,17001
12,9,3881.020003,8,323.4183336,15299
264,187,3820.559969,11,14.47181807,14426
194,115,3774.099977,13,19.45412359,15298
470,285,3715.309986,25,7.904914863,13069
227,182,3673.92999,5,16.18471361,13505
705,346,3640.419975,9,5.163716277,13137
200,137,3583.909969,7,17.91954985,15296
268,207,3531.659958,3,13.17783567,13334
202,52,3482.739958,18,17.24128692,16458
199,137,3451.269941,7,17.34306503,13448
671,365,3404.729987,7,5.074113244,16360
198,115,3339.109987,12,16.86419185,17725
158,135,3286.769985,3,20.80234168,13373
216,191,3266.319985,4,15.12185178,15676
24,11,3223.459988,6,134.3108328,12643
385,237,3163.849985,8,8.217792169,15443
447,257,3134.919972,12,7.013243785,13268
307,234,3089.629976,4,10.06394129,13869
252,167,3070.949957,12,12.18630935,14099
209,117,3048.869971,8,14.5878946,16905
170,93,3013.829977,13,17.72841163,16678
410,280,2984.079975,11,7.278243842,17799
7,7,2927.309964,3,418.1871377,18087
147,96,2900.559967,9,19.73170046,14868
161,127,2866.61999,13,17.80509311,17659
333,280,2830.049979,4,8.498648585,14535
97,84,2791.589974,2,28.77927808,12758
275,217,2767.279982,11,10.0628363,15984
143,73,2730.789974,11,19.09643338,13769
560,336,2710.139978,8,4.839535675,15993
179,140,2679.719995,6,14.97050276,12473
131,110,2656.129975,8,20.27580134,14854
81,52,2619.949971,8,32.34506137,15671
134,109,2603.879976,6,19.43194012,18210
148,120,2569.869987,9,17.3639864,13911
163,98,2539.459988,9,15.57950913,14334
148,99,2512.999972,11,16.97972954,14243
59,33,2493.96001,13,42.27050864,17402
120,112,2478.619982,3,20.65516652,12578
145,92,2455.479997,8,16.93434481,17164
275,184,2439.67999,16,8.871563599,15271
104,64,2404.619972,7,23.12134588,14315
138,110,2366.759981,15,17.15043464,18065
81,74,2338.320001,8,28.86814816,15140
149,127,2306.329993,7,15.47872478,15755
137,111,2291.079998,7,16.72321166,17744
135,111,2274.549981,10,16.84851838,13704
89,71,2254.459972,8,25.33101092,17188
261,163,2224.21,6,8.521877396,16550
6,5,2210.759959,3,368.4599931,12755
105,82,2197.559976,4,20.92914263,12615
95,91,2186.199988,6,23.01263145,15179
131,71,2173.529964,11,16.59183179,16076
139,117,2153.679979,7,15.49410057,15811
116,70,2136.689972,5,18.41974114,17272
172,99,2114.249993,10,12.29215112,16407
71,50,2093.749981,5,29.48943635,14691
341,157,2079.599982,12,6.098533671,13571
126,106,2055.129984,6,16.31055543,18231
64,45,2039.089976,8,31.86078087,17090
107,81,2021.179995,6,18.88953267,12782
128,88,2016.289975,11,15.75226543,18044
2,2,2002.39994,1,1001.19997,16754
52,34,1990.119988,6,38.27153824,13495
124,84,1960.769994,5,15.81266124,12518
276,243,1927.489992,5,6.98365939,15834
372,211,1908.249977,10,5.12970424,16426
123,96,1901.529984,4,15.45959336,15819
281,153,1872.359982,8,6.663202783,14472
115,72,1861.109987,5,16.1835651,13982
84,66,1848.579985,7,22.00690459,12853
70,59,1837.279999,3,26.24685713,18287
67,34,1817.089972,7,27.12074585,16098
110,96,1798.75,4,16.35227272,14305
98,79,1785.899993,7,18.22346932,13650
69,67,1777.989984,5,25.76797078,16249
112,91,1772.119987,13,15.82249988,13983
125,99,1763.859983,4,14.11087987,17092
111,85,1753.359988,6,15.79603593,12610
8,5,1740.000057,2,217.5000072,17353
80,68,1727.17,4,21.58962501,15050
30,4,1708.859921,13,56.96199737,13094
94,79,1694.689967,3,18.02861667,17282
76,70,1682.139993,5,22.13342096,13808
284,169,1666.049992,8,5.866373211,16115
85,61,1655.789972,5,19.47988203,13577
46,24,1644.969977,6,35.7602169,17873
113,89,1627.130006,5,14.39938059,16515
110,106,1619.039987,5,14.71854533,15172
101,96,1608.119993,2,15.92198013,12635
45,39,1588.06998,2,35.290444,14918
384,170,1576.159992,10,4.104583313,14587
78,47,1555.319979,5,19.93999973,13313
94,55,1546.489996,10,16.45202123,15660
101,97,1526.509993,2,15.11396032,13849
58,37,1520.36001,3,26.21310362,13814
168,117,1510.629996,6,8.991845217,16283
96,87,1498.530002,3,15.60968752,12865
92,82,1488.509983,6,16.17945634,13213
124,62,1482.779992,9,11.95790316,14878
113,82,1472.969996,4,13.0351327,15983
13,12,1463.039989,2,112.5415376,12882
108,93,1449.919988,3,13.42518508,13659
55,49,1434.989978,4,26.09072687,13692
43,29,1425.999992,4,33.16279051,14229
111,76,1414.019999,5,12.73891891,15128
142,118,1401.889984,7,9.872464678,17288
87,70,1399.099982,7,16.08160898,16173
45,36,1388.809995,4,30.86244433,16539
185,121,1382.019986,5,7.470378305,16726
31,27,1372.949989,5,44.28870931,15569
49,30,1362.189996,5,27.79979583,15095
45,37,1347.949991,4,29.95444424,15116
27,25,1339.939984,4,49.62740682,17621
98,79,1330.859986,7,13.58020394,14507
207,147,1321.839995,7,6.385700459,13232
95,90,1313.249998,3,13.82368419,15146
11,7,1307.809969,5,118.8918154,14477
65,57,1296.579984,3,19.94738438,16040
115,97,1286.389999,4,11.18599999,12854
85,70,1276.110001,4,15.01305883,12364
67,53,1264.209998,3,18.86880595,17158
12,9,1253.360011,5,104.4466676,17262
170,158,1250.549995,3,7.356176443,14669
72,60,1242.339986,5,17.25472202,17633
88,66,1234.029999,5,14.02306817,12463
66,25,1226.129986,4,18.57772707,14267
36,30,1211.619985,3,33.65611068,17584
86,73,1200.939984,10,13.96441842,13491
61,43,1192.829996,3,19.5545901,12412
56,43,1176.709981,6,21.01267823,18171
85,68,1166.309992,4,13.72129402,13564
72,54,1156.359997,2,16.06055552,13744
45,31,1146.959979,6,25.48799952,13499
3,2,1135.989971,2,378.6633237,16692
214,176,1133.069991,4,5.294719586,17585
52,31,1123.85999,5,21.61269211,14129
81,68,1117.17,6,13.79222222,17302
64,48,1107.379987,8,17.3028123,17562
108,87,1099.629992,3,10.18175918,14161
134,109,1096.319988,5,8.181492448,16225
238,199,1087.239995,6,4.568235272,17609
436,313,1080.969992,3,2.479288973,13521
84,63,1071.429991,8,12.75511894,12494
73,59,1065.190001,5,14.59164385,17522
60,57,1054.759997,3,17.57933328,12609
56,35,1049.339986,5,18.73821404,12657
98,74,1044.379994,5,10.65693872,17042
38,29,1037.419989,3,27.30052602,15985
56,56,1032.939993,2,18.44535701,16320
65,59,1025.029995,6,15.76969223,18221
18,9,1014.899961,3,56.38333116,18142
5903,1794,127250.0791,202,21.55684891,14911
1857,636,56675.06978,98,30.51969294,13089
439,115,36351.41967,58,82.8050562,13798
605,163,28152.07958,29,46.53236295,13098
123,74,20969.53042,18,170.4839871,16210
343,255,16895.38994,29,49.25769663,17428
232,80,15458.31977,42,66.63068868,15189
420,219,13331.16988,7,31.74088068,12433
495,241,12268.41993,16,24.78468672,15640
114,38,11339.77992,15,99.47175364,14607
500,211,10543.25995,27,21.0865199,13319
487,309,10203.93994,13,20.95264875,17139
451,98,9602.029795,33,21.2905317,15078
90,28,8973.599967,12,99.7066663,18092
80,14,8568.239983,16,107.1029998,16656
117,23,8060.469937,21,68.89290545,16672
212,93,7701.999997,19,36.33018867,15290
36,31,7428.609958,2,206.3502766,12435
8,6,6977.039915,3,872.1299894,12798
297,160,6768.319935,16,22.78895601,16187
310,205,6647.439926,7,21.4433546,12766
348,228,6546.029966,10,18.81043094,12705
338,155,6357.679934,14,18.80970395,13871
291,179,6139.119963,18,21.09663218,14057
35,15,5976.789989,6,170.7654283,14101
329,255,5778.639967,9,17.56425522,13209
306,184,5614.909947,38,18.34937891,13468
222,148,5565.23994,11,25.06864838,16767
359,211,5416.059964,26,15.08651801,12720
167,119,5236.229964,4,31.35467044,16303
154,99,5147.509938,14,33.42538921,16701
312,159,5037.239957,14,16.14499986,16700
197,71,4906.179887,14,24.90446643,14709
176,46,4774.849965,17,27.12982935,15738
302,213,4706.679984,7,15.58503306,15727
277,176,4604.309979,16,16.62205769,14189
38,10,4531.740033,10,119.2563167,12664
451,272,4400.689954,19,9.757627393,14085
16,16,4314.719962,1,269.6699976,18251
258,186,4198.449951,16,16.27306183,17690
298,218,4131.83997,10,13.8652348,14525
377,237,4076.929935,14,10.81413776,12757
273,260,4021.219973,4,14.72974349,12536
551,241,3986.219981,8,7.234519022,12867
313,200,3915.399955,11,12.50926503,17769
367,198,3880.159955,9,10.57264293,14547
228,195,3818.949985,4,16.74978064,14277
99,57,3759.559989,28,37.97535343,16168
69,61,3714.58994,8,53.83463681,14364
124,115,3665.620009,3,29.56145169,16253
133,70,3632.869979,11,27.31481187,16570
201,100,3572.289994,12,17.77258704,14132
20,8,3515.67999,7,175.7839995,13953
177,157,3481.829975,6,19.67135579,13523
412,310,3445.039951,8,8.361747453,17758
168,125,3397.889971,8,20.22553554,14907
194,123,3334.059979,10,17.18587618,14221
191,172,3285.529975,12,17.20172762,16818
108,92,3265.870003,3,30.23953706,12406
316,169,3215.199969,6,10.17468345,17050
124,67,3162.629953,11,25.50508026,13014
348,196,3122.359979,18,8.97229879,14702
31,16,3088.95996,7,99.64386969,16107
196,106,3068.249967,11,15.65433656,13047
509,373,3046.609978,6,5.985481293,15998
6,6,3007.680036,3,501.2800061,16041
140,105,2974.64993,12,21.2474995,15854
168,119,2924.659975,10,17.40869033,15687
38,27,2894.329999,8,76.16657893,17924
157,85,2865.639998,10,18.25248407,15628
84,53,2826.240015,5,33.64571447,14005
227,175,2790.340004,5,12.29224671,16081
519,215,2766.499974,10,5.33044311,15356
157,117,2724.719984,6,17.35490436,12685
164,85,2705.599978,8,16.49756084,17213
149,105,2677.859982,9,17.97221465,14732
81,77,2651.459997,3,32.73407404,13851
412,236,2618.969964,8,6.356723213,15752
327,141,2596.449965,11,7.94021396,16919
98,84,2562.939991,2,26.15244889,12438
148,144,2531.759975,5,17.10648632,13644
260,214,2512.139984,4,9.662076863,13471
279,178,2492.92998,8,8.935232904,17449
44,34,2477.789966,4,56.31340832,15782
158,128,2451.279985,5,15.51443028,14842
180,132,2431.199981,10,13.50666656,13588
43,40,2398.859988,3,55.78744159,15980
86,75,2360.879975,4,27.45209274,13722
156,121,2335.129975,9,14.96878189,16316
126,104,2306.079987,5,18.30222212,13908
88,80,2289.959997,5,26.0222727,15288
103,90,2272.469989,6,22.06281543,14290
123,98,2252.079979,9,18.30959333,18257
197,103,2223.769991,14,11.28817254,16782
23,8,2208.609989,11,96.02652126,17940
167,81,2197.099951,8,13.15628713,17591
106,93,2185.509991,2,20.61801878,15123
118,75,2171.939973,7,18.40627096,16143
109,101,2150.849976,3,19.73256859,13224
85,67,2133.149986,2,25.09588219,12876
46,18,2111.569958,10,45.90369473,18061
101,68,2092.129981,6,20.71415823,14515
255,106,2077.919984,11,8.148705819,14810
105,60,2050.649986,18,19.52999987,18241
35,33,2037.939958,3,58.22685596,14306
472,334,2020.999986,6,4.281779631,18069
232,145,2015.079996,5,8.685689638,16409
316,204,1999.739988,5,6.328291102,14506
81,50,1989.819996,10,24.56567896,13305
115,96,1959.439982,4,17.03860854,17088
50,35,1925.189951,5,38.50379901,14655
124,114,1906.469998,3,15.37475804,14418
107,78,1899.179984,18,17.74934565,14217
280,214,1871.959984,13,6.68557137,17870
219,162,1858.13998,6,8.484657444,17463
105,89,1846.219992,3,17.58304754,13421
119,108,1835.469983,6,15.4241175,18180
65,53,1812.61999,8,27.88646138,14533
193,101,1797.569962,9,9.313834002,17750
20,8,1785.150002,4,89.25750008,14608
112,98,1776.809983,6,15.86437485,13481
81,75,1771.319991,2,21.86814804,17082
30,30,1760.959985,2,58.69866616,12424
41,36,1751.779974,5,42.72634084,15812
93,82,1739.919983,6,18.70881702,17754
105,94,1727.079983,5,16.44838079,13134
29,29,1708.239983,1,58.90482699,15947
449,248,1692.979979,10,3.770556745,16813
83,61,1680.890001,6,20.25168676,15240
80,65,1664.699994,5,20.80874992,13647
96,78,1652.679992,6,17.21541658,12909
294,229,1641.67999,7,5.583945543,17284
103,65,1626.250003,9,15.78883498,15953
42,28,1616.769992,4,38.49452362,17101
63,63,1606.829985,2,25.50523787,12371
102,92,1586.989983,3,15.55872532,14759
44,43,1573.549988,1,35.76249972,16902
189,116,1555.049992,6,8.227777737,17085
80,63,1543.469974,6,19.29337468,15117
123,111,1525.789984,5,12.40479661,14321
95,88,1520.119988,7,16.00126303,16790
237,193,1508.939988,4,6.366835394,15701
109,104,1496.679988,4,13.73100907,16279
198,149,1487.799996,5,7.514141392,14963
84,81,1481.629992,2,17.63845228,16053
237,156,1472.629988,9,6.21362864,16016
111,71,1459.730006,8,13.15072078,14541
140,110,1448.769986,7,10.34835704,15987
95,76,1433.959997,10,15.09431575,16817
66,41,1423.010014,5,21.56075778,14035
100,61,1412.05998,6,14.1205998,16394
300,222,1401.839994,6,4.672799979,15426
378,230,1398.709986,8,3.700290968,18116
73,44,1387.990001,8,19.01356165,15134
44,43,1381.889979,3,31.40659043,13516
40,26,1372.899999,5,34.32249997,14113
33,32,1361.659987,1,41.26242384,13572
161,141,1347.279992,4,8.368198706,16669
45,43,1338.690009,2,29.74866687,12646
83,71,1325.260001,4,15.96698796,16045
95,59,1321.539988,9,13.91094725,12352
79,70,1312.989997,4,16.62012654,16295
23,23,1304.040002,1,56.69739141,17919
77,51,1295.389982,7,16.82324652,16929
106,73,1285.220002,4,12.124717,16571
236,152,1275.509996,3,5.404703374,16464
62,52,1260.859989,4,20.33645143,16688
228,143,1253.239985,4,5.496666602,16370
182,148,1249.849992,3,6.867307649,15009
71,64,1242.039993,3,17.49352103,12526
2,2,1231.499984,2,615.7499921,18080
87,76,1219.149994,4,14.01321832,14913
62,59,1211.079995,4,19.53354831,18263
73,57,1200.619983,3,16.44684908,17320
157,124,1190.699994,5,7.584076396,17774
82,54,1174.869995,5,14.32768286,17828
17,15,1164.549993,3,68.50294078,14737
76,67,1155.679997,3,15.20631575,16653
61,57,1146.759981,3,18.79934396,15630
197,164,1135.819998,5,5.765583746,18125
140,101,1132.019989,7,8.085857068,18168
50,39,1123.339999,4,22.46679998,17720
50,44,1116.58999,5,22.3317998,17653
47,46,1106.529996,4,23.54319141,16833
312,248,1099.359993,3,3.523589721,16049
68,53,1095.920006,5,16.11647068,17966
69,65,1084.339998,3,15.71507243,18189
69,67,1080.759995,3,15.66318833,14561
70,68,1070.649991,2,15.29499988,13761
65,57,1064.199987,5,16.37230749,15745
108,89,1053.939997,6,9.758703674,13715
65,48,1047.769988,2,16.11953828,15977
269,218,1044.379992,4,3.882453503,16728
293,233,1037.069997,4,3.539488044,14446
36,35,1030.399997,2,28.62222215,13253
60,56,1021.709999,5,17.02849998,13719
69,60,1013.44,2,14.68753623,12716
778,444,122658.74,22,157.6590489,12415
410,71,52994.17959,49,129.2540966,15061
399,72,34220.78985,52,85.76639061,16422
1061,511,27834.47985,12,26.23419401,13081
230,132,20934.72995,7,91.020565,12753
180,72,16893.1599,21,93.85088831,13881
298,117,15318.29971,35,51.40369031,16839
690,319,13087.93984,19,18.96802875,17735
424,231,12032.62989,12,28.37884407,17340
2782,832,11223.64987,94,4.034381693,14606
1094,718,10535.69993,9,9.630438691,14769
176,92,10192.63982,9,57.91272623,16180
394,242,9526.879988,15,24.17989845,13458
229,178,8804.95999,8,38.44960694,12744
407,180,8503.749945,27,20.89373451,17243
366,210,7984.679943,9,21.81606542,14936
1011,331,7612.459881,56,7.529633908,14527
1677,450,7397.15994,35,4.410948086,13263
77,25,6952.799922,11,90.29610288,13324
457,253,6767.359986,19,14.80822754,12474
358,211,6642.399935,14,18.55418976,15249
300,258,6545.579938,10,21.81859979,12428
310,141,6328.760008,25,20.41535486,13102
203,86,6135.379917,20,30.22354639,14060
88,67,5966.920021,5,67.80590933,13316
612,284,5774.719932,14,9.435816882,14415
342,119,5613.07992,26,16.41251439,13534
1284,424,5534.899959,27,4.31066975,18118
322,201,5357.799929,10,16.63913022,17049
344,282,5235.269961,11,15.21880803,15150
143,66,5140.099942,15,35.94475484,13756
174,132,5032.579954,8,28.9228733,13139
702,441,4902.059952,14,6.982991384,15547
468,278,4764.999953,8,10.18162383,17365
270,118,4693.059965,13,17.38170357,17652
285,220,4595.809976,4,16.12564904,14286
259,216,4516.349969,5,17.43764467,12714
112,52,4388.059975,7,39.17910692,15093
43,19,4301.220009,7,100.0283723,17937
184,86,4195.289975,18,22.80048899,16626
136,128,4116.939964,4,30.27161738,13555
155,123,4074.719963,8,26.28851589,13384
558,334,4020.179956,19,7.204623578,14534
674,415,3967.779966,12,5.886913895,15529
215,190,3901.639964,6,18.14716262,17593
212,102,3865.25996,13,18.2323583,13999
274,170,3797.049983,14,13.85784665,15804
130,89,3747.399955,6,28.8261535,12656
141,109,3714.089988,8,26.34106374,12727
232,129,3660.949986,12,15.77995684,12662
173,77,3626.809988,7,20.96421958,13381
152,116,3563.849964,6,23.44638134,17203
110,72,3511.11995,11,31.91927228,17491
121,82,3474.009959,13,28.71082611,13552
101,77,3439.410004,4,34.05356439,15113
417,245,3395.719983,20,8.143213388,17576
260,183,3327.029969,9,12.79626911,17528
138,103,3279.199964,6,23.76231858,14841
167,143,3262.179981,7,19.53401186,13437
165,125,3193.169987,13,19.35254538,13880
148,110,3159.999975,6,21.35135118,17863
39,29,3119.439966,7,79.98564016,13685
147,102,3087.639962,5,21.00435348,12502
95,50,3067.48004,10,32.28926358,12619
305,226,3042.919972,3,9.976786794,16940
139,109,3000.779976,10,21.58834515,16156
218,96,2963.189977,12,13.59261457,15514
106,61,2920.039987,11,27.54754704,17512
136,128,2893.179989,6,21.27338227,16497
155,107,2857.179987,4,18.43341927,15673
270,168,2822.40995,7,10.45337019,17596
48,29,2786.04996,8,58.04270749,17739
169,103,2763.959971,12,16.35479273,17644
161,148,2718.62999,5,16.88590056,14121
364,227,2698.729988,6,7.414093374,14903
109,66,2676.789983,7,24.55770627,18097
166,157,2650.62999,6,15.96765054,13654
143,87,2618.229995,8,18.30930066,14262
119,97,2582.599996,5,21.70252097,13895
503,299,2560.629964,16,5.090715635,17346
513,315,2529.389982,11,4.93058476,15033
136,120,2509.739984,9,18.45397047,17314
177,155,2491.559979,8,14.07661005,18245
91,74,2475.299992,3,27.20109881,12625
295,214,2448.469964,9,8.299898181,15750
155,121,2428.669986,6,15.66883862,12520
135,132,2390.809969,3,17.70970348,17444
200,117,2359.799975,9,11.79899987,15521
394,306,2330.649984,10,5.91535529,17530
166,128,2302.319968,9,13.8693974,15527
138,100,2288.46997,8,16.58311573,17434
197,139,2265.11998,10,11.49807097,13700
213,150,2251.629975,9,10.57103274,17211
359,221,2222.989992,12,6.192172681,14711
118,87,2205.539995,10,18.69101691,14211
126,79,2196.089979,9,17.42928555,17696
74,58,2183.669966,6,29.50905359,13831
43,37,2163.769997,2,50.32023249,12653
85,54,2149.939975,4,25.29341147,15394
132,122,2130.759997,3,16.14212119,13365
30,24,2108.750005,9,70.29166685,18008
213,175,2092.05998,5,9.821877838,17400
133,117,2070.96999,8,15.57120293,14696
118,82,2048.179983,8,17.35745748,12948
103,73,2036.499965,5,19.77184432,12633
17,17,2020.519986,1,118.8541168,15341
123,94,2009.549988,6,16.33780478,16875
72,63,1998.489988,4,27.7568054,18188
113,87,1987.429988,7,17.587876,14640
84,60,1959.379974,5,23.32595207,16341
548,421,1919.019991,5,3.501861297,17337
208,140,1906.089976,8,9.163894115,17228
242,212,1892.729985,5,7.821198287,16938
27,18,1869.349984,4,69.2351846,14285
114,74,1858.099972,11,16.29912256,13890
90,61,1843.059963,6,20.47844403,17469
57,41,1832.199989,3,32.14385946,16102
89,78,1812.389976,5,20.36393232,16153
99,89,1796.109981,5,18.14252506,17738
10,10,1784.710011,1,178.4710011,14935
29,29,1775.759973,1,61.2331025,16152
44,18,1770.339988,6,40.23499973,16681
5,1,1759.500022,5,351.9000044,12823
126,44,1751.519981,10,13.90095223,12584
135,88,1736.859982,6,12.86562949,15674
140,125,1724.559982,3,12.31828559,14387
65,43,1707.129989,7,26.26353829,13456
70,43,1692.829994,7,24.18328563,14834
110,84,1677.569984,12,15.25063622,12523
24,17,1662.299993,5,69.26249969,12912
158,84,1651.539977,11,10.45278467,16775
110,96,1641.199995,5,14.91999996,14837
116,99,1625.999985,4,14.01724125,17406
90,77,1614.909991,4,17.94344434,14336
35,33,1606.110004,4,45.88885726,14937
87,74,1583.63999,6,18.2027585,14312
99,80,1573.409989,5,15.89303019,18178
93,64,1554.479976,4,16.71483845,14038
118,91,1541.109996,3,13.0602542,16369
60,54,1524.069989,5,25.40116649,13107
91,70,1520.069989,6,16.70406582,12381
85,74,1508.769993,5,17.75023521,15392
109,88,1495.459992,7,13.71981644,16434
92,75,1487.759989,5,16.17130422,16676
39,28,1481.459993,6,37.98615368,13397
54,54,1470.309986,1,27.2279627,12405
95,81,1458.25,3,15.35,12759
201,162,1448.739994,3,7.20766166,17590
4,4,1431.999969,1,357.9999924,14566
82,66,1419.949987,8,17.31646326,17063
86,64,1411.859996,4,16.4169767,13475
199,148,1401.289988,4,7.041658232,14649
103,83,1395.369984,7,13.5472814,12947
71,54,1386.959977,4,19.53464757,14758
94,87,1378.969989,3,14.6698935,16012
12,3,1372.800014,6,114.4000012,14434
98,73,1359.599987,10,13.87346926,14901
21,18,1346.979983,3,64.14190395,16079
86,75,1337.789997,3,15.55569764,12886
69,64,1325.089991,3,19.20420277,16317
90,84,1320.529995,3,14.6725555,17932
84,35,1312.22001,6,15.62166679,14102
107,68,1303.339975,9,12.18074743,13012
32,26,1294.139981,5,40.44187441,16120
64,49,1284.060003,5,20.06343754,14297
89,72,1275.099995,6,14.32696623,12576
66,48,1258.059989,7,19.06151499,17412
77,75,1253.219995,2,16.27558435,17037
83,69,1249.339993,5,15.05228908,17481
23,19,1240.199996,3,53.92173895,17588
421,231,1231.319991,5,2.924750572,14684
78,73,1215.619994,3,15.58487172,12985
50,36,1209.099997,5,24.18199994,15841
72,57,1199.54999,2,16.66041653,12689
27,26,1190.370003,2,44.0877779,12394
58,57,1174.349991,3,20.24741363,15306
70,54,1163.230004,5,16.61757148,14447
46,26,1155.540003,7,25.12043484,16184
76,64,1146.509994,6,15.08565782,13752
40,30,1135.040006,2,28.37600016,17242
32,32,1128.239993,1,35.25749978,12769
329,243,1121.569991,3,3.409027327,15436
67,57,1116.579992,3,16.66537302,16807
73,68,1105.61999,4,15.14547931,15730
49,49,1098.78,1,22.42408163,15978
63,48,1095.079987,3,17.38222201,13652
54,31,1083.869997,10,20.07166661,15602
42,39,1079.659973,2,25.70618984,13726
9,9,1070.480011,1,118.9422235,14212
179,149,1064.189991,2,5.945195482,16200
34,34,1052.699998,2,30.96176464,12842
17,7,1047.68002,3,61.62823649,13791
51,36,1044.319984,3,20.47686242,15192
71,58,1036.319988,4,14.59605616,18130
63,52,1030.32,2,16.35428571,14817
42,40,1021.479996,2,24.32095227,13165
22,18,1013.329987,5,46.06045394,15777
2085,703,276830.1894,75,132.7722731,14646
585,369,62785.55972,51,107.3257431,13694
5128,1121,50205.48998,18,9.790462164,14096
224,48,30356.51964,35,135.520177,17389
56,19,26313.82052,24,469.8896522,17857
720,363,18010.89987,31,25.0151387,15159
125,32,16293.09971,29,130.3447977,12901
103,30,14168.97993,13,137.5629119,14866
308,192,12901.51989,7,41.88805158,12477
200,75,11853.80989,27,59.26904943,16525
114,91,10806.12999,4,94.79061395,12409
344,161,10447.44998,23,30.37049413,16779
342,166,9797.919936,14,28.6488887,13001
533,270,9158.369858,17,17.18268266,14367
1152,539,8632.849921,21,7.493793334,16033
561,292,8212.719955,23,14.63942951,15358
1165,403,7809.149916,18,6.703132975,14796
170,99,7496.709932,9,44.09829372,13093
358,148,7170.700018,18,20.02988832,16745
271,186,6827.29998,8,25.19298886,17416
130,78,6686.870067,19,51.43746206,13576
104,43,6602.899903,19,63.48942214,15465
325,122,6443.199942,22,19.82523059,16814
501,286,6194.169892,22,12.36361256,13668
77,28,6097.249936,16,79.1850641,15939
394,205,5826.529962,9,14.78814711,12637
437,215,5710.129928,11,13.06665887,13097
422,246,5598.809949,18,13.26732215,13050
121,62,5445.059963,11,45.00049556,16985
320,178,5296.599979,16,16.55187493,13269
260,164,5173.969954,10,19.89988444,16265
101,57,5048.73,12,49.98742574,17061
237,128,4929.759963,12,20.80067495,14755
254,214,4855.219942,5,19.11503914,12359
108,67,4742.769898,10,43.9145361,14292
263,146,4660.009938,14,17.71866896,14191
201,119,4560.179969,19,22.68746253,12437
93,61,4482.909992,17,48.20333325,15187
224,88,4360.279963,20,19.46553555,13267
144,113,4225.619916,8,29.34458275,12524
981,445,4147.109975,10,4.227431167,16549
65,34,4087.509892,12,62.88476758,12500
330,232,4050.809974,13,12.27518174,15570
262,179,3995.839963,12,15.25129757,16670
582,440,3939.589986,16,6.76905496,17611
191,118,3895.989992,4,20.39785336,12449
439,230,3838.839994,26,8.744510238,12841
235,185,3779.569987,3,16.08327654,13124
87,36,3727.809967,9,42.84839043,17173
710,387,3685.769957,16,5.191225291,16904
191,92,3647.509969,33,19.09691083,12569
447,259,3590.109966,11,8.031565919,16712
261,122,3536.990005,10,13.55168584,15544
241,147,3497.549956,13,14.51265542,14040
167,143,3455.659997,4,20.69257483,12370
73,51,3408.109976,9,46.68643802,17230
142,127,3359.249979,3,23.65668999,16240
128,79,3316.719962,13,25.9118747,12647
206,155,3267.379981,9,15.86106787,13842
125,66,3228.489969,10,25.82791975,13993
472,303,3173.789976,14,6.724131305,17220
191,124,3142.519957,9,16.45298407,14388
1,1,3096.000123,1,3096.000123,13135
169,128,3074.949981,5,18.1949703,13362
90,56,3054.869992,8,33.94299991,16218
12,6,3021.77,12,251.8141666,13631
65,50,2990.760081,4,46.01169355,12754
152,53,2929.839984,12,19.27526305,14032
444,315,2911.649979,6,6.557770224,13451
94,58,2874.009975,6,30.57457421,12670
107,43,2832.20998,17,26.46925215,14543
174,140,2806.139973,15,16.12724122,16607
100,57,2773.699992,6,27.73699992,12388
273,191,2732.209967,8,10.00809512,14572
116,67,2714.26997,5,23.39887905,12840
28,23,2686.420005,6,95.94357161,17386
612,393,2662.059983,15,4.349771214,13230
106,83,2624.969982,4,24.76386775,15321
662,347,2607.869972,13,3.939380622,16241
329,274,2572.929981,14,7.820455869,17965
128,127,2555.709985,2,19.96648426,13422
139,97,2520.53997,6,18.13338108,13136
155,110,2495.750001,6,16.10161291,13883
93,66,2482.47997,8,26.69333302,17655
119,93,2461.850002,9,20.68781514,15932
259,147,2445.489979,10,9.442046249,14659
91,51,2422.639992,10,26.6224175,15606
253,172,2375.699987,4,9.390118524,17589
52,36,2342.30996,4,45.0444223,14163
123,95,2321.429992,6,18.87341457,14493
155,122,2294.319977,6,14.80206437,13994
55,33,2281.399976,5,41.47999957,14440
382,256,2255.509989,6,5.904476411,14432
116,92,2227.049992,2,19.19870682,15665
150,122,2215.669978,10,14.77113319,15281
121,82,2202.069977,12,18.19892543,14825
142,97,2187.310003,9,15.40359157,13862
137,96,2175.609981,6,15.88036483,17838
130,80,2156.449999,8,16.58807692,12935
76,39,2143.33999,23,28.20184198,14560
135,101,2116.309986,7,15.67637027,13317
143,125,2100.789983,4,14.69083904,13517
91,66,2085.459981,5,22.91714265,13265
17,17,2062.059984,1,121.2976461,16281
71,32,2043.720017,6,28.78478898,13450
96,76,2024.109982,6,21.08447898,17086
160,149,2018.639982,2,12.61649989,12501
76,67,2005.830001,7,26.39250002,14407
80,51,1995.679979,8,24.94599973,13630
202,159,1976.789986,4,9.786089038,18204
88,58,1937.009983,5,22.01147707,17554
149,112,1913.23999,8,12.84053685,16983
111,94,1904.049977,3,17.15360339,14250
283,159,1880.309974,10,6.644204855,16942
96,92,1862.169984,5,19.397604,15367
97,77,1851.490001,3,19.08752578,12585
83,60,1839.069999,7,22.15746987,17519
85,71,1822.969984,4,21.4467057,16169
135,93,1801.339987,9,13.34325916,17293
37,37,1788.239994,1,48.33081064,14459
32,28,1780.589994,1,55.64343733,16380
69,62,1772.450001,2,25.68768118,12762
124,106,1765.18998,9,14.23540307,17629
110,97,1753.899995,4,15.94454541,13196
203,161,1743.819981,9,8.590246211,14524
111,82,1733.579983,9,15.61783768,15241
11,8,1717.359987,5,156.1236352,15267
105,81,1696.669977,11,16.15876169,17162
82,82,1685.160001,3,20.55073171,15067
82,67,1669.669976,5,20.36182898,17656
137,91,1657.119991,7,12.09576635,13924
24,20,1647.260022,5,68.63583424,13750
69,64,1628.279995,4,23.5982608,15826
327,191,1620.909977,7,4.956911244,14178
116,104,1613.119989,4,13.9062068,15549
148,103,1591.539985,7,10.75364855,16466
129,74,1578.729978,7,12.23821688,16987
84,70,1562.459976,3,18.600714,15111
86,75,1550.429991,3,18.02825571,16398
59,45,1527.24997,5,25.88559271,14441
102,96,1520.929991,4,14.91107834,17159
102,77,1511.829989,5,14.82186264,16066
178,121,1501.509982,7,8.435449339,16880
104,92,1491.139991,4,14.33788453,15620
176,134,1484.629996,4,8.435397704,16755
82,76,1477.079994,2,18.01317066,15265
299,247,1465.319989,4,4.900735748,17571
50,41,1452.339993,4,29.04679986,17002
89,51,1441.459986,3,16.19617962,16762
197,138,1427.699985,4,7.247208045,14591
81,57,1416.689986,7,17.48999983,13477
44,38,1405.409971,2,31.9411357,17004
104,70,1400.159989,7,13.46307681,14404
143,130,1391.609994,3,9.731538418,15051
87,55,1383.489986,6,15.90218375,13995
235,157,1377.649989,7,5.862340378,16348
68,55,1366.510001,3,20.09573532,18202
43,25,1349.74999,4,31.38953465,18167
84,51,1340.459985,6,15.95785696,15596
78,61,1333.679993,3,17.09846145,15680
50,47,1322.939986,3,26.45879973,14875
117,88,1314.169989,5,11.23222213,15563
17,17,1308.479988,1,76.96941105,13328
133,102,1299.099994,5,9.767669129,13168
56,39,1289.939983,8,23.03464255,14738
25,10,1280.84999,7,51.2339996,13538
71,54,1265.299985,5,17.82112655,13813
5,3,1254.999977,3,250.9999955,13848
36,35,1251.54999,1,34.7652775,13878
87,73,1244.870004,4,14.30885062,16951
66,65,1236.41998,3,18.73363606,14856
82,68,1228.879989,8,14.98634133,14794
77,68,1212.949994,7,15.75259733,16531
287,142,1201.509989,11,4.186445956,16794
56,45,1197.419976,3,21.38249958,13211
67,61,1185.509986,5,17.6941789,15605
164,148,1167.96999,1,7.121768231,16800
76,67,1158.199995,4,15.23947362,13611
45,33,1151.329995,6,25.58511101,12676
53,37,1139.96999,3,21.50886774,13330
72,66,1133.870001,4,15.74819446,12885
78,67,1125.069991,5,14.42397424,17470
5,3,1117.90001,2,223.580002,17788
81,60,1107.71999,9,13.67555543,15737
228,165,1099.709994,8,4.823289448,13610
70,70,1097.299988,1,15.67571411,15069
58,56,1088.449997,3,18.76637925,13591
77,65,1082.669996,4,14.0606493,13310
99,89,1075.989992,2,10.86858577,13467
71,59,1065.769994,4,15.01084498,17041
206,112,1058.059994,6,5.136213563,14419
73,65,1050.389996,3,14.38890405,14514
330,243,1044.769995,5,3.165969683,14583
46,30,1039.299991,4,22.59347807,13131
157,129,1033.349993,4,6.581847092,16520
63,63,1026.639991,1,16.29587288,12534
37,30,1017.189989,5,27.49162131,15027
433,151,251594.3184,61,581.0492341,18102
2491,571,59364.13935,92,23.83144896,15311
590,379,48616.52964,14,82.4008977,14088
201,111,30176.09977,16,150.1298496,17404
219,40,25745.58986,34,117.559771,13777
277,109,17927.77988,13,64.72122701,12731
321,179,16178.89991,31,50.40155736,17677
365,221,13953.39997,34,38.22849306,16133
112,58,12577.9198,10,112.3028554,14258
525,209,11677.32984,31,22.24253302,12682
506,275,10737.68991,21,21.22073105,14895
421,269,10351.58995,7,24.58809965,17107
395,270,9730.019879,18,24.63296172,17706
576,354,9144.409916,26,15.87571166,14667
69,13,8600.729835,20,124.6482585,17306
474,264,8170.35989,21,17.23704618,16558
362,177,7793.489935,16,21.52897772,12683
197,101,7442.569912,21,37.7795427,18172
164,66,7058.66,20,43.04060976,18229
39,14,6804.649969,7,174.4782043,12830
289,179,6681.449984,7,23.1192041,16873
696,316,6575.749955,20,9.447916602,16923
563,347,6404.41994,12,11.37552387,15023
346,244,6181.479957,14,17.86554901,13709
34,23,6083.039988,8,178.9129408,13225
172,101,5823.509949,13,33.85761598,14944
157,94,5669.650017,13,36.11242049,14110
316,96,5578.09999,15,17.65221516,12839
280,155,5431.639934,8,19.39871405,16609
220,127,5288.829971,14,24.04013623,17730
218,150,5165.309981,11,23.69408248,12481
938,299,5038.999938,14,5.372068165,15719
264,172,4925.719938,22,18.65803007,13599
312,24,4850.70997,35,15.54714734,17850
183,81,4734.259998,12,25.87027321,12955
925,404,4644.919939,17,5.02153507,15555
446,189,4555.019942,19,10.2130492,14562
55,29,4464.099941,4,81.16545347,15032
249,137,4337.779942,19,17.42080298,16945
400,299,4219.619986,9,10.54904997,15034
474,285,4139.860014,22,8.733881887,18041
248,112,4080.919928,26,16.45532229,14180
183,113,4037.46996,14,22.06267738,14401
239,188,3988.51998,7,16.68836812,13988
244,208,3938.749989,9,16.14241799,12957
239,149,3883.909944,11,16.25066922,17651
319,142,3829.159986,6,12.00363632,16327
177,132,3774.869977,5,21.32694902,13815
463,302,3727.039948,16,8.049762308,15867
261,208,3678.639957,6,14.09440596,16655
282,186,3640.66997,5,12.9101772,16440
75,63,3588.520005,10,47.8469334,13082
97,82,3533.009986,4,36.42278336,12429
99,90,3497.139978,6,35.32464624,15505
196,95,3453.749961,11,17.62117327,12553
68,45,3406.719923,7,50.0988224,17669
212,99,3352.729988,16,15.81476409,16011
183,117,3305.789967,11,18.06442605,14227
347,238,3266.86999,13,9.414610923,13148
214,184,3227.869984,5,15.0835046,12597
130,87,3173.249947,4,24.40961498,14844
214,169,3138.869974,10,14.6676167,15622
163,124,3095.799987,6,18.99263796,12613
516,292,3073.459962,5,5.956317756,17059
115,105,3050.859975,3,26.52921717,17672
70,39,3017.299976,7,43.10428537,18094
323,200,2986.259968,13,9.245386898,13742
109,53,2927.649965,5,26.85917399,12916
133,84,2903.799997,9,21.83308268,12598
175,138,2873.159986,7,16.41805706,14639
162,94,2830.519999,10,17.47234567,14299
159,91,2803.470002,13,17.6318868,12395
173,117,2768.18997,8,16.00109809,14112
118,91,2731.809993,9,23.15093215,13870
140,112,2711.519984,10,19.36799989,17504
187,157,2685.479977,4,14.36085549,13285
135,71,2656.139986,9,19.67511101,15796
59,53,2624.769979,3,44.48762676,12356
107,60,2606.529957,7,24.36009306,14408
32,32,2570.679971,1,80.3337491,14439
44,30,2543.239964,7,57.80090826,14676
89,55,2515.839987,3,28.26786502,15245
146,111,2494.459978,7,17.08534232,16477
417,255,2482.059985,6,5.952182218,14546
65,32,2460.889939,11,37.85984522,12600
402,268,2441.449971,10,6.073258634,16710
134,78,2414.569992,5,18.01917904,17131
136,113,2374.759977,6,17.46147042,13141
42,27,2338.59997,3,55.68095167,18259
164,126,2311.279982,9,14.09317062,13394
117,79,2293.619974,4,19.60358952,15704
123,75,2281.039994,10,18.5450406,14309
126,110,2255.209983,2,17.89849193,12397
115,80,2224.259996,3,19.34139127,14700
95,65,2211.229983,8,23.27610509,15370
140,97,2198.339988,7,15.70242849,17442
72,47,2186.729973,6,30.37124963,15722
73,64,2173.920001,6,29.77972604,14226
350,273,2154.349984,10,6.155285669,14701
17,17,2139.76002,3,125.8682365,14828
147,121,2114.259991,6,14.38272102,13632
49,33,2100.599978,5,42.8693873,15815
38,31,2083.419959,5,54.82684103,18093
144,110,2055.969968,6,14.27756922,14482
118,81,2041.169981,6,17.29805068,14232
117,85,2022.389989,5,17.28538452,17667
114,97,2017.489975,2,17.69728048,14544
81,46,2002.999976,9,24.72839476,12483
142,117,1992.75997,7,14.03352091,17612
89,70,1970.599979,7,22.14157279,13590
246,151,1932.579983,12,7.856016192,14462
143,110,1912.06001,7,13.37104902,13246
86,64,1903.83999,8,22.13767431,17490
3,3,1873.199959,2,624.3999863,16986
6,6,1861.999965,1,310.3333275,14887
127,106,1850.459992,7,14.57055112,16170
88,68,1837.979984,3,20.88613618,14934
90,64,1820.399977,9,20.22666641,12704
82,50,1799.329962,3,21.94304832,13562
59,47,1787.159974,4,30.29084702,14216
104,79,1778.509982,5,17.10105752,13875
109,98,1772.399992,7,16.26055039,14215
25,24,1764.719996,1,70.58879984,16751
119,110,1753.899978,7,14.73865528,15220
39,26,1740.480002,5,44.62769237,17930
19,14,1732.179976,5,91.16736714,17457
102,100,1717.059991,4,16.83392148,17043
118,97,1695.489984,9,14.36855919,13725
37,22,1682.360013,6,45.46918954,15380
112,107,1666.999994,3,14.88392852,14245
155,105,1655.809992,10,10.68264511,15024
82,74,1644.989992,5,20.06085356,13162
22,18,1627.989989,5,73.99954494,16711
85,70,1619.669991,5,19.05494107,17147
87,65,1609.61999,4,18.50137919,15122
238,177,1590.21999,6,6.681596597,14719
95,85,1577.149984,6,16.60157878,16992
95,92,1557.729988,11,16.39715777,16638
97,92,1548.419978,4,15.96309256,16496
31,22,1527.149995,4,49.26290305,12348
102,98,1520.670001,4,14.90852942,12669
201,171,1511.129984,4,7.518059624,13614
45,23,1500.739973,14,33.34977717,15611
547,318,1491.099989,8,2.72595976,16910
210,150,1484.139997,5,7.067333321,16395
263,205,1473.939981,5,5.60433453,15532
14,4,1465.199976,8,104.6571411,15473
68,51,1451.699986,5,21.3485292,12530
174,142,1436.049982,4,8.253160817,17073
41,14,1427.459993,7,34.8160974,16996
219,191,1415.499994,2,6.463470291,15444
99,94,1405.360001,4,14.19555557,15237
86,71,1399.229986,5,16.27011612,16503
24,23,1390.499999,3,57.93749997,13414
79,50,1383.269986,7,17.50974666,17676
98,86,1374.919997,5,14.02979589,14443
64,42,1364.709999,5,21.32359374,17175
26,17,1349.029977,5,51.88576834,14403
42,8,1340.149979,8,31.90833284,13743
354,283,1331.959996,3,3.762598858,16110
59,47,1322.479968,5,22.41491472,14859
75,53,1314.169977,7,17.52226636,18177
67,47,1308.329996,5,19.52731338,17204
84,64,1298.819986,6,15.46214269,17054
96,90,1287.579992,4,13.41229158,16224
40,40,1278.069991,2,31.95174976,15813
79,72,1264.839989,5,16.01063278,14916
41,33,1253.680005,2,30.5775611,13989
61,40,1251.360006,5,20.51409846,17671
16,13,1244.339979,3,77.7712487,15497
210,148,1235.999995,5,5.885714264,14698
267,215,1226.909996,8,4.595168524,15910
30,30,1212.839985,2,40.42799951,13918
79,59,1201.059998,4,15.20329112,13158
158,154,1194.899987,1,7.562658144,15004
119,87,1177.759992,7,9.897142791,14898
70,46,1167.159994,6,16.6737142,14745
249,211,1157.469991,39,4.648473859,17961
278,193,1148.579993,6,4.131582709,14723
145,112,1138.399995,7,7.851034451,14487
12,7,1133.249972,6,94.43749765,16989
67,60,1123.969985,4,16.77567142,13500
112,66,1117.589994,5,9.978482091,15810
74,63,1107.459997,3,14.96567563,15933
46,37,1099.679987,2,23.90608667,12857
29,25,1096.670003,4,37.816207,14708
55,47,1087.27,4,19.76854545,15489
64,60,1081.099994,2,16.89218741,12630
79,75,1074.499999,4,13.60126581,12710
69,67,1065.34999,2,15.43985493,17277
64,50,1055.079982,4,16.48562472,16062
53,47,1049.689992,3,19.80547154,12640
47,44,1044.380002,4,22.2208511,14352
130,97,1037.819993,7,7.983230712,16918
40,39,1033.339998,1,25.83349996,13639
69,66,1025.439986,2,14.86144907,14904
58,45,1016.62999,4,17.52810328,16175
1076,467,88013.47982,32,81.79691433,17511
147,26,51823.71932,27,352.5423083,15769
169,56,33352.28982,20,197.3508273,15838
320,83,26905.2499,17,84.07890594,14680
721,240,20042.44977,32,27.79812727,17675
167,105,16481.34993,13,98.69071812,12678
258,121,14451.47986,20,56.01348783,14031
523,362,13013.71993,28,24.88282969,15498
481,278,11940.50993,18,24.82434497,12540
140,102,10971.20995,16,78.36578536,15125
280,113,10470.52003,25,37.39471439,13113
121,97,10091.97004,12,83.40471104,15251
70,68,9348.369929,3,133.5481418,12590
427,272,8750.309956,14,20.49252917,13488
161,98,8439.219915,15,52.417515,13090
114,39,7869.020016,26,69.02649137,13854
461,233,7534.219912,18,16.34321022,15044
27,24,7215.270022,8,267.2322231,17396
26,6,6912.000103,6,265.8461578,13027
414,230,6723.839951,15,16.2411593,15601
28,17,6617.649875,4,236.3446384,16182
218,132,6530.039907,18,29.9543115,15144
299,119,6298.669946,15,21.06578577,18223
131,131,6125.139987,1,46.75679379,12357
306,193,5888.979953,7,19.24503253,15382
265,95,5725.469935,11,21.60554692,13178
409,277,5602.389979,19,13.69777501,13004
254,172,5480.829974,12,21.57807076,17716
64,47,5334.859999,13,83.35718749,17809
245,141,5189.589932,12,21.18199972,18226
359,148,5092.369958,22,14.18487453,14688
247,167,4996.679989,13,20.22947364,15301
274,201,4879.939982,11,17.80999993,12362
280,257,4754.929973,4,16.98189276,15786
270,193,4681.419974,5,17.3385925,12700
171,171,4571.779991,1,26.7355555,12688
319,211,4498.579991,15,14.10213163,17613
185,137,4367.219932,15,23.60659423,15955
182,103,4268.599984,7,23.45384607,12347
392,248,4161.44996,13,10.61594378,14800
696,407,4093.599977,17,5.881609162,17920
198,68,4061.240014,13,20.5113132,16401
177,110,4009.799991,9,22.65423724,17567
219,219,3953.899986,1,18.05433783,12378
61,47,3899.099958,8,63.91967144,14739
159,88,3860.419992,9,24.27937102,12779
198,119,3784.569921,10,19.1139895,17091
231,160,3733.169977,6,16.16090899,12749
566,297,3700.129972,17,6.537332107,17238
127,99,3651.969989,4,28.75566921,18079
109,74,3612.049945,9,33.13807289,13327
159,104,3549.059981,11,22.32113196,13426
164,113,3504.859963,6,21.37109734,14503
78,55,3467.899996,6,44.46025636,16131
84,54,3426.890004,11,40.79630958,15129
165,133,3382.31996,10,20.49890885,16019
297,124,3321.439981,8,11.1832996,15708
10,4,3276.400069,6,327.6400069,17723
76,42,3248.779997,7,42.74710523,17183
33,32,3189.779942,2,96.65999824,13868
12,6,3148.199879,5,262.3499899,14145
188,150,3108.389973,7,16.53398922,15764
154,129,3086.089987,4,20.03954537,12480
166,123,3056.819962,12,18.41457809,16837
977,580,3034.57996,10,3.106018383,14456
164,139,2998.17997,4,18.28158518,14175
129,111,2945.45998,5,22.8330231,14565
162,146,2917.74997,2,18.01080229,17084
216,140,2884.739993,6,13.35527774,14530
79,64,2844.849972,5,36.01075914,16709
153,115,2814.289982,7,18.39405217,16633
213,72,2778.940008,18,13.0466667,16928
718,209,2752.729983,14,3.83388577,16764
314,228,2716.269982,3,8.650541343,13174
126,108,2693.549971,5,21.37738072,14626
124,61,2673.599968,8,21.56129007,14107
227,101,2633.009984,11,11.59916292,18077
154,111,2612.379979,10,16.96350636,17069
86,59,2574.999962,3,29.94186002,15485
95,18,2556.680008,20,26.91242113,14397
11,8,2524.019975,4,229.4563613,17317
105,77,2503.629968,5,23.84409493,12380
90,46,2484.089977,15,27.60099974,13695
164,134,2474.149972,7,15.08628032,12721
174,86,2447.769993,11,14.06764364,12708
160,124,2427.319994,6,15.17074996,13949
148,102,2385.479964,10,16.11810786,17071
215,166,2346.249989,7,10.91279065,15572
631,369,2322.539986,12,3.68072898,14502
101,90,2298.930008,7,22.76168325,15105
128,116,2287.569982,3,17.87164049,14930
128,88,2258.169983,6,17.64195299,16735
103,82,2242.769976,5,21.77446579,16003
255,200,2221.259982,5,8.710823457,16771
8,8,2202.389987,4,275.2987484,15797
105,61,2193.509992,7,20.89057135,12684
256,179,2182.019977,9,8.523515535,14808
111,80,2158.369993,5,19.44477471,16456
31,9,2148.469991,8,69.3054836,16966
109,87,2126.379984,5,19.50807324,16379
343,232,2102.73997,10,6.13043723,13755
276,199,2089.62998,11,7.571123115,15058
84,59,2062.699956,5,24.55595186,12928
315,223,2046.999994,4,6.498412678,17625
110,82,2024.949971,5,18.4086361,16358
48,22,2019.060035,8,42.06375072,15270
223,172,2008.759976,9,9.007892268,17861
5,4,1997.999964,2,399.5999928,16698
228,196,1980.449979,2,8.686184117,15531
190,121,1942.530002,14,10.22384211,17790
216,136,1918.459973,5,8.881759133,14978
220,136,1904.44999,9,8.656590864,15518
103,66,1885.169971,7,18.30262108,14210
243,210,1866.269986,8,7.680123398,14030
134,94,1856.789988,4,13.8566417,17787
217,182,1842.559984,3,8.491059832,17015
74,64,1826.669989,5,24.68472958,15814
137,77,1805.909991,5,13.18182475,13048
133,126,1794.840005,4,13.49503763,15157
91,64,1782.649969,7,19.5895601,16979
91,52,1773.95999,5,19.49406583,12674
92,81,1767.599979,5,19.21304325,17648
104,100,1758.719986,3,16.91076909,18235
100,84,1746.139993,6,17.46139993,12383
74,39,1736.399981,5,23.4648646,14673
80,62,1719.719969,5,21.49649961,17702
385,221,1699.179985,4,4.413454507,16007
74,58,1691.29999,5,22.85540527,12645
322,218,1672.64999,8,5.194565185,16791
108,69,1659.799972,9,15.36851826,12843
107,83,1648.949998,8,15.41074764,17451
77,57,1635.069991,5,21.2346752,12407
228,118,1622.219992,7,7.114999966,17673
94,84,1614.039982,6,17.17063811,13627
76,66,1596.039986,3,21.00052613,15791
64,47,1582.599997,4,24.72812496,12393
77,72,1568.099987,2,20.3649349,12377
135,112,1550.749991,3,11.48703697,16889
154,100,1535.769994,12,9.972532426,12877
415,288,1521.449989,9,3.666144551,14704
208,183,1516.239991,3,7.289615341,13764
16,9,1503.500001,4,93.96875009,17152
34,33,1491.339983,3,43.86294069,14567
85,85,1485.609996,1,17.47776466,12398
151,114,1479.109988,8,9.795430382,15906
94,58,1468.119988,8,15.61829775,12826
107,82,1456.789981,5,13.61485964,13309
27,14,1444.999999,3,53.51851848,13461
68,59,1430.539978,3,21.03735262,14442
146,109,1416.869993,8,9.704588994,13110
73,73,1406.949992,1,19.27328756,12349
59,35,1400.339994,6,23.73457616,14741
16,15,1393.060012,1,87.06625072,17354
93,85,1385.169994,4,14.89430101,14740
286,169,1377.889993,7,4.817797178,15453
72,61,1369.689995,5,19.02347215,14116
80,64,1352.23998,5,16.90299975,12952
35,33,1341.899976,5,38.33999932,16389
253,215,1335.199997,8,5.277470344,17372
26,25,1324.39001,2,50.93807732,15734
78,78,1316.069993,2,16.87269222,14921
53,52,1310.469989,2,24.72584885,13501
52,34,1301.439998,7,25.02769227,12919
242,198,1290.319993,7,5.331900798,16744
69,61,1282.44999,5,18.58623174,15136
50,38,1269.839984,3,25.39679969,13492
26,20,1255.989979,2,48.30730689,12516
71,53,1252.400005,6,17.63943669,14511
72,66,1246.149994,5,17.30763881,17350
64,45,1238.360002,4,19.34937503,16842
117,63,1230.53999,6,10.51743581,14665
73,72,1214.609979,2,16.63849286,14893
150,124,1205.900001,7,8.039333343,13208
104,51,1199.009987,9,11.52894218,17800
82,59,1188.320001,6,14.49170732,14064
67,54,1172.529999,4,17.50044775,15145
18,11,1158.769983,5,64.37611016,15621
215,180,1152.559988,5,5.360744129,17348
61,58,1144.129987,3,18.75622929,14857
52,48,1134.799992,2,21.82307678,17505
75,68,1126.489994,6,15.01986659,16042
40,24,1119.309995,6,27.98274987,16086
82,68,1109.989986,6,13.53646325,13118
66,54,1101.259994,6,16.68575748,13882
60,41,1097.709993,5,18.29516656,16350
23,19,1090.450003,4,47.41086968,12507
28,21,1083.520011,8,38.69714323,14744
19,19,1077.740011,1,56.72315845,16563
62,62,1067.109993,1,17.21145149,13635
52,52,1060.289994,2,20.39019219,14154
130,107,1050.899973,3,8.083845948,14465
72,66,1046.709998,5,14.53763886,16637
49,46,1043.509989,2,21.29612223,14488
65,54,1035.109996,7,15.92476916,12951
16,16,1028.560015,1,64.28500092,15333
75,52,1019.389999,4,13.59186665,14276
63,56,1012.900002,5,16.07777782,12936
1420,716,110627.1094,56,77.90641507,14156
79,29,52623.98963,46,666.126451,17949
102,29,33462.81033,16,328.066768,12931
501,236,27577.08985,63,55.04409151,13408
110,40,20272.42974,30,184.2948158,17381
399,55,16706.79,38,41.87165412,13767
215,52,15247.20977,24,70.91725477,14051
646,267,13022.9099,23,20.15930325,12681
33,15,11990.96016,5,363.3624292,12557
604,269,11053.95988,22,18.30125808,14194
452,231,10504.2999,26,23.23960154,17581
379,226,10153.85993,17,26.79118715,16843
216,102,9399.219917,13,43.51490702,14733
355,265,8759.549955,6,24.6747886,12451
463,323,8501.539929,11,18.3618573,12567
149,119,7872.909958,12,52.83832186,14952
872,359,7535.789965,40,8.641960969,17811
459,313,7237.639957,29,15.76827877,13018
317,193,6939.619988,10,21.8915457,14961
4,2,6748.800087,3,1687.200022,16532
452,234,6632.389918,19,14.67342902,16746
123,75,6540.739977,8,53.17674778,16652
79,42,6311.07001,15,79.88696215,15694
487,259,6131.759945,39,12.59088284,17315
391,226,5919.39997,8,15.13913036,12472
166,77,5751.369952,11,34.64680694,15218
314,223,5604.619964,19,17.84910817,13418
505,352,5515.629942,5,10.92203949,14049
286,151,5342.199946,13,18.67902079,18225
502,293,5230.549938,20,10.41942219,16161
75,46,5095.919989,8,67.94559985,15903
207,147,5015.52001,16,24.22956526,15046
27,13,4892.240054,7,181.1940761,17133
272,179,4755.939958,7,17.48507337,17426
134,95,4690.30994,15,35.00231299,14135
898,448,4591.169966,21,5.112661432,16931
297,116,4512.019919,22,15.19198626,17068
297,189,4367.709897,14,14.70609393,17975
230,162,4284.189976,7,18.62691294,12627
103,42,4179.569998,11,40.5783495,12747
208,155,4113.759987,13,19.77769225,17419
222,142,4068.319973,17,18.32576564,16592
162,154,4017.439987,5,24.79901227,14016
94,51,3957.780019,9,42.10404276,13183
66,57,3900.509979,4,59.09863605,13802
1,1,3861,1,3861,15195
238,145,3795.179952,12,15.94613425,14291
237,134,3736.459983,12,15.76565394,16145
210,143,3705.449967,5,17.64499984,15808
202,83,3657.749982,13,18.10767318,13266
196,145,3612.569988,8,18.43147953,15379
168,99,3549.839954,7,21.12999973,12562
229,111,3508.009973,6,15.31882084,17160
353,181,3469.149941,10,9.827620229,14395
179,91,3428.209959,7,19.15201094,13536
177,141,3387.089976,8,19.13610156,15974
126,110,3322.639982,5,26.37015859,15228
236,178,3278.359978,7,13.89135584,16717
198,158,3258.409976,10,16.45661604,12417
130,88,3191.530004,7,24.5502308,17685
117,104,3148.749962,7,26.91239284,13758
546,294,3115.269968,11,5.705622653,17231
80,65,3086.180004,6,38.57725005,14235
170,99,3064.779997,7,18.02811763,18272
320,158,3037.029961,15,9.490718628,16326
547,339,3000.360001,9,5.485118832,15861
180,150,2962.289985,6,16.45716658,14307
588,406,2918.259972,8,4.963027162,16686
245,183,2888.489983,6,11.78975503,14146
43,27,2855.630038,12,66.41000089,18144
143,96,2816.350003,6,19.69475526,14852
149,144,2784.849995,5,18.69026843,13901
197,136,2760.559985,10,14.01299485,15114
89,32,2716.599978,8,30.52359526,18230
158,118,2696.699991,9,17.06772146,13971
208,161,2673.729967,5,12.85447099,13735
341,146,2641.65997,12,7.746803431,14713
137,124,2614.029994,7,19.0805109,13804
274,146,2581.099986,9,9.420072941,16255
4,1,2559.999943,4,639.9999857,16308
134,103,2525.409968,10,18.84634304,13021
153,97,2506.659992,11,16.38339864,18075
146,118,2491.389976,5,17.0643149,17700
175,148,2475.269965,4,14.1443998,12836
119,48,2448.409979,7,20.57487377,17682
31,9,2428.109976,11,78.32612824,13784
90,85,2389.809993,6,26.55344436,12455
216,147,2353.639987,4,10.89648142,14554
112,91,2327.189963,6,20.77848181,13658
116,83,2301.29997,12,19.83879284,14239
28,24,2288.129972,2,81.71892758,17313
129,105,2260.929997,3,17.52658913,12360
224,153,2250.459976,8,10.04669632,13527
87,58,2221.749999,6,25.53735631,15785
78,72,2203.569993,4,28.25089734,18242
134,44,2195.579998,12,16.38492536,14776
119,79,2183.039967,6,18.34487367,16628
130,109,2163.61997,9,16.64323054,14341
317,155,2149.129986,7,6.779589861,12856
119,115,2128.38999,3,17.88563017,13344
31,23,2106.840006,4,67.96258083,18173
59,52,2089.849984,4,35.42118617,13297
237,163,2064.889993,7,8.712616004,17191
180,173,2047.479989,3,11.37488883,14461
54,40,2029.159993,9,37.57703691,16954
88,55,2019.769984,7,22.95193164,14209
55,55,2009.389988,1,36.53436342,17597
111,92,1998.309996,4,18.00279276,12560
129,77,1984.759983,6,15.3857363,13593
501,317,1943.899985,8,3.88003989,14730
30,29,1918.949982,2,63.9649994,17679
136,91,1906.069998,6,14.01522057,16150
119,102,1887.199996,4,15.85882349,15641
89,76,1869.179985,5,21.0020223,16128
233,160,1857.179994,8,7.970729589,15351
23,13,1842.999984,3,80.13043408,12950
142,82,1827.79997,6,12.87183077,15203
115,74,1810.729975,5,15.74547804,16201
193,162,1794.869979,5,9.299844452,14498
90,86,1782.689982,6,19.80766646,18179
117,101,1774.61999,7,15.16769222,16841
24,16,1769.779946,7,73.74083107,15864
78,62,1758.809991,8,22.54884604,15260
95,50,1751.119984,7,18.43284194,12528
96,80,1736.59998,6,18.08958312,14621
89,69,1721.569983,5,19.34348295,13157
103,86,1705.259975,5,16.55592209,15950
6,3,1692.269948,3,282.0449913,16671
35,17,1674.459997,8,47.84171421,17193
35,29,1661.059984,4,47.45885669,15332
110,109,1650.899991,8,15.00818174,15214
115,93,1636.239993,4,14.22817385,15002
134,73,1623.809992,15,12.11798502,15827
378,297,1614.309982,6,4.270661327,17813
107,72,1601.539997,6,14.96766353,12868
154,125,1583.199986,8,10.28051939,16332
81,49,1569.069991,6,19.37123446,18161
188,156,1553.079985,5,8.261063749,13634
84,69,1539.689975,4,18.32964256,13186
91,88,1522.75,2,16.73351648,16244
172,110,1516.549981,9,8.817151055,17837
68,44,1504.559999,5,22.12588235,15625
110,77,1491.699996,5,13.56090905,13320
2,2,1487.599991,1,743.7999954,17553
180,134,1480.099989,9,8.222777718,17997
75,57,1468.539991,3,19.58053321,14246
180,126,1457.099992,6,8.094999956,16059
36,30,1447.509999,5,40.20861107,14233
46,34,1431.37998,2,31.11695608,15478
134,90,1418.279988,6,10.58417901,16271
103,92,1407.299989,7,13.66310669,13717
86,76,1400.799994,7,16.28837202,12783
102,90,1395.249987,6,13.67892144,15106
17,12,1386.019992,5,81.53058777,17856
70,39,1378.409978,10,19.69157111,16359
122,114,1371.719994,5,11.24360651,13159
55,55,1352.929995,2,24.59872717,17311
93,80,1344.079997,4,14.45247308,16245
100,86,1335.339991,5,13.35339991,15411
62,40,1324.699999,5,21.36612902,16493
31,31,1317.619988,2,42.50387059,16083
92,90,1311.789994,6,14.25858689,14748
47,42,1301.999997,3,27.70212759,13396
125,120,1292.799978,2,10.34239983,15494
77,70,1283.609982,4,16.6702595,17095
234,166,1269.849989,4,5.426709353,17019
333,271,1257.529988,9,3.776366329,14071
46,44,1252.539991,2,27.22913023,13431
76,74,1249.289993,2,16.43802623,14105
59,49,1239.409992,3,21.00694902,14383
59,56,1230.930005,3,20.86322042,13931
61,50,1215.489999,5,19.92606555,15108
16,14,1208.109977,2,75.50687356,12818
78,74,1199.199998,4,15.37435894,13055
65,65,1189.4,1,18.29846154,12611
62,51,1172.729988,3,18.9149998,17058
148,108,1161.629981,6,7.848851226,14428
75,73,1154.289984,2,15.39053312,13151
34,17,1145.599999,2,33.69411763,16766
36,26,1134.829998,3,31.5230555,13819
29,19,1127.709969,4,38.88655066,14824
69,69,1119.649995,3,16.22681153,13486
52,52,1114.759996,2,21.43769222,14261
69,51,1101.999987,4,15.97101431,13064
20,14,1098.479999,6,54.92399994,13104
65,59,1092.869994,3,16.81338452,17047
59,47,1083.599996,4,18.36610163,12399
87,71,1078.959983,2,12.40183889,16980
68,64,1067.599993,4,15.6999999,15500
53,41,1064.07999,5,20.07698094,15712
58,58,1052.600005,1,18.14827595,12354
70,59,1047.529994,3,14.9647142,12546
65,46,1043.849985,6,16.05923053,14078
67,66,1036.119991,2,15.46447747,17727
28,24,1030.139977,3,36.79071348,17033
65,56,1020.739993,4,15.7036922,15839
29,29,1013.009993,1,34.93137906,17197
181,162,1011.469988,9,5.588231976,14083
67,55,1004.039973,4,14.98567124,13429
152,123,998.1799941,5,6.566973646,13956
23,19,991.429976,3,43.10565113,16174
118,105,987.9599897,4,8.372542286,14224
53,47,983.3499959,4,18.55377351,12724
164,121,979.2599862,3,5.971097477,15506
17,15,974.5399987,4,57.32588228,14522
53,42,968.70999,3,18.27754698,13455
249,175,959.9799904,3,3.855341327,15907
30,22,956.2299948,3,31.87433316,14006
45,45,949.6899855,1,21.1042219,18192
52,49,941.5299954,4,18.10634607,15238
59,43,935.0999891,4,15.84915236,15289
62,53,926.1799924,3,14.93838697,12572
32,26,922.1200008,3,28.81625003,16551
67,60,917.2899977,3,13.69089549,14140
60,47,912.4799897,2,15.20799983,13363
105,88,907.6499947,6,8.644285664,17236
213,157,900.919991,3,4.229671319,18096
156,126,893.5099894,3,5.727628137,14081
33,28,885.4699897,2,26.83242393,15822
160,117,878.4099903,5,5.490062439,15511
57,57,874.7799929,1,15.34701742,12550
91,72,871.5399957,1,9.57736259,12847
48,41,863.3599904,4,17.98666647,17048
153,142,858.4399911,4,5.610718896,15407
42,35,853.3899945,2,20.31880939,14193
46,42,845.9899995,3,18.39108695,16020
50,49,840.9699886,2,16.81939977,17624
54,54,836.7900002,1,15.49611111,15832
52,33,830.7699991,4,15.97634614,12680
50,47,826.5300086,1,16.53060017,16494
60,51,816.8799944,3,13.61466657,17169
7,7,813.9999843,2,116.285712,18064
6,6,810.6000023,1,135.1000004,16276
80,62,802.8499941,5,10.03562493,17075
132,74,798.3499927,5,6.048106005,16438
40,17,790.4899948,5,19.76224987,15110
33,23,785.7899866,3,23.81181778,16943
60,45,778.5399907,6,12.97566651,13884
111,102,775.4699931,3,6.986216154,17797
39,37,769.8899906,3,19.74076899,15414
54,49,765.1899939,3,14.17018507,12434
39,34,761.8299918,4,19.53410235,18136
52,50,758.9799968,2,14.59576917,15599
111,104,752.4999895,3,6.779279185,17461
54,49,746.360001,2,13.8214815,14050
37,37,742.4399862,1,20.06594557,16216
22,22,738.6000117,1,33.5727278,12976
47,34,733.4399982,5,15.60510634,17692
42,42,729.0099965,1,17.35738087,13356
46,38,721.9600044,4,15.69478271,17521
56,46,1011.749991,6,18.06696412,12828
63,38,1005.099989,6,15.95396808,13728
61,59,1000.159995,2,16.39606549,18143
262,189,991.8499948,6,3.785687003,17126
19,13,987.9999723,2,51.99999854,12358
62,52,983.4199923,4,15.86161278,15329
21,18,979.7999863,4,46.6571422,17951
44,27,974.7099943,7,22.15249987,13509
38,29,969.2699919,3,25.50710505,18170
63,58,961.5199871,3,15.26222202,15763
72,51,956.3999918,3,13.28333322,12462
53,40,950.3599898,4,17.93132056,15421
169,135,941.9799901,3,5.573846095,16511
45,43,935.7099996,1,20.79355555,15576
31,22,927.1899911,5,29.90935455,12924
55,54,922.3899972,2,16.77072722,13122
20,20,917.3400006,1,45.86700003,14015
150,79,912.7399849,6,6.084933233,16809
31,25,908.029985,3,29.29128984,16584
258,201,902.079998,4,3.496434101,14449
57,50,893.5599939,5,15.67649112,12722
59,50,885.5999987,4,15.01016947,13515
98,94,878.6199896,3,8.965510098,15799
135,96,875.0799901,4,6.482074001,15022
29,6,871.8399835,8,30.06344771,12464
135,108,863.8299831,6,6.398740615,14623
123,86,859.7099854,4,6.989512077,14577
43,25,853.6999944,6,19.85348824,15208
53,52,846.4999926,2,15.97169797,17649
49,38,841.6399947,3,17.17632642,12878
61,44,837.0499974,7,13.7221311,16266
56,49,830.9899937,3,14.83910703,12717
45,34,826.9599972,3,18.37688883,16747
147,142,818.5999955,4,5.568707453,15862
135,128,814.7199972,3,6.034962942,16460
30,23,811.4499878,3,27.04833293,17980
129,113,802.8599965,5,6.223720903,16869
61,57,798.4699926,7,13.08967201,16949
55,55,791.8799989,1,14.39781816,12772
65,51,785.809985,4,12.08938439,13167
78,71,778.5899968,2,9.981923035,17387
88,59,776.1799888,4,8.820227145,15743
168,143,771.1699917,4,4.59029757,14662
28,27,765.2599938,2,27.33071406,16825
38,37,762.1099904,2,20.05552606,13375
43,42,759.1699954,2,17.65511617,17425
99,76,752.4999925,2,7.601010026,13030
49,39,747.0300026,5,15.24551026,15618
51,51,743.5299948,1,14.57901951,13354
73,47,739.329988,8,10.12780805,14976
29,26,734.1300013,3,25.31482763,16146
112,99,729.2699957,4,6.511339248,13077
18,14,722.6399925,2,40.14666625,17666
181,112,1010.879996,4,5.584972353,16533
14,14,1003.049994,1,71.64642813,12497
124,88,997.5099951,7,8.044435444,17287
101,68,990.4799873,5,9.806732547,14584
57,47,987.8599942,4,17.33087709,15062
38,24,983.2299874,5,25.87447335,16232
167,123,978.749997,5,5.860778425,16085
65,65,971.739992,2,14.94984603,17100
62,32,968.4999976,7,15.6209677,12599
85,67,959.0799963,4,11.28329407,13155
60,51,955.239995,2,15.92066658,15948
13,6,948.9599876,4,72.99692213,15793
60,55,941.0499899,2,15.6841665,14346
55,51,933.8099952,3,16.97836355,15156
64,45,925.8899826,4,14.46703098,14532
48,42,921.0999995,5,19.18958332,15312
31,31,916.5799994,1,29.56709676,13934
63,57,911.9399879,2,14.4752379,13192
94,77,906.519998,4,9.643829766,16714
47,33,900.2199891,6,19.15361679,14289
47,38,891.3299909,2,18.96446789,12815
47,47,885.329995,1,18.83680841,15255
48,44,878.3099926,3,18.29812484,13037
176,134,874.7099971,2,4.969943166,13566
49,45,871.1399889,5,17.77836712,17527
38,38,863.1299894,2,22.71394709,12739
71,60,857.9099919,4,12.08323932,14715
49,49,852.9699955,1,17.40755093,15076
57,52,845.7199972,3,14.83719293,14625
58,56,840.9499887,4,14.49913774,13846
103,79,835.3299941,3,8.109999943,15164
57,37,827.8299937,4,14.52333322,13681
145,114,826.5199936,4,5.700137887,17921
43,36,816.8299897,3,18.99604627,13350
62,50,813.5199941,6,13.12129023,16600
17,16,810.4499922,5,47.67352895,16660
10,8,802.8499875,3,80.28499875,13929
203,166,797.719992,5,3.929655133,16891
37,32,789.209995,2,21.32999987,12694
31,24,784.5799831,3,25.30903171,15806
53,53,778.4999955,2,14.68867916,14815
159,122,775.4599959,4,4.877106892,14234
32,23,769.1999865,3,24.03749958,18228
17,12,764.6600065,7,44.98000038,16027
98,73,761.3799952,4,7.769183624,16205
55,55,758.9199886,2,13.79854525,16036
53,51,752.3499823,1,14.19528269,16480
44,44,746.3399985,1,16.96227269,14923
29,22,742.2799883,4,25.59586167,16621
47,46,737.7099955,4,15.69595735,15656
43,42,733.2299954,3,17.05186036,13900
19,16,728.8799941,3,38.36210495,13329
10,10,721.7200112,1,72.17200112,14055
41,38,1006.979991,3,24.56048758,14631
44,36,1001.789994,3,22.76795441,16214
50,42,993.179987,2,19.86359974,17594
54,46,989.0599913,4,18.31592576,17646
76,64,985.9699941,3,12.9732894,14540
61,40,981.5800009,5,16.09147542,18237
75,55,975.4399892,3,13.00586652,13032
58,40,970.9799984,4,16.74103445,16572
50,43,965.1800136,4,19.30360027,17324
57,57,958.1299908,2,16.80929808,14920
8,7,951.6600015,3,118.9575002,14195
59,55,942.3399963,4,15.97186434,12820
43,34,936.1499915,6,21.77093003,13026
52,36,929.3699923,7,17.87249985,16419
28,24,924.5299921,5,33.01892829,13748
50,47,918.3299944,4,18.36659989,15835
9,3,913.6800098,4,101.5200011,15587
204,125,908.989996,8,4.455833314,17323
115,96,902.6099918,6,7.848782537,13782
53,45,894.2099936,3,16.87188667,13376
30,23,886.6300027,3,29.55433342,13035
49,42,882.2399954,6,18.00489787,18236
46,28,876.2699776,5,19.04934734,14141
78,56,874.1399966,3,11.20692303,17618
35,34,865.5999966,2,24.73142847,16567
52,49,859.8599991,2,16.53576921,14770
82,79,856.87,4,10.44963415,16900
155,110,848.5899954,7,5.474774164,17027
83,54,843.3999932,5,10.1614457,17731
48,47,837.2799995,2,17.44333332,14862
54,54,832.5499909,1,15.41759242,13339
38,35,827.3599972,2,21.7726315,12458
109,87,823.9699959,2,7.55935776,16284
21,21,815.5799956,1,38.83714265,13893
85,67,811.9799936,3,9.552705808,13280
130,123,804.4899903,2,6.188384541,16367
55,47,798.740007,3,14.52254558,17703
51,51,792.6099989,1,15.54137253,13336
34,33,787.5199938,4,23.16235276,17905
53,53,781.0299922,1,14.73641495,13583
4,4,777.599988,1,194.399997,16505
70,70,771.9799985,1,11.02828569,16054
35,30,765.3399913,2,21.86685689,17695
27,27,763.0499985,1,28.26111106,15075
48,48,760.049993,2,15.83437485,13707
39,37,755.1799986,3,19.36358971,16037
43,41,748.9399977,4,17.41720925,17411
53,27,744.3699949,3,14.04471688,15568
143,128,740.5199924,4,5.178461486,13212
124,98,735.9099918,4,5.934757999,16261
46,41,730.4299965,5,15.87891297,13575
39,39,723.6599923,1,18.55538442,16491
43,38,718.6799918,2,16.71348818,12735
59,54,1007.159986,2,17.07050824,13235
24,23,1001.899989,2,41.74583286,13853
47,46,995.5399845,2,21.1817018,16229
52,34,989.7099859,7,19.03288434,17135
56,45,986.5799904,5,17.61749983,12679
26,25,982.0699902,2,37.7719227,15071
52,46,977.7999859,5,18.80384588,17096
62,47,971.2199882,4,15.66483852,15449
61,56,965.2799921,3,15.82426217,13476
47,39,958.2400036,3,20.38808518,12642
151,89,953.7199878,5,6.316026409,16907
214,126,942.8199957,4,4.405700915,15707
142,105,936.4499875,8,6.594718222,15860
54,51,930.0999951,3,17.22407398,14256
13,10,924.6000073,2,71.12307748,13805
56,40,918.5799935,6,16.40321417,15658
55,52,915.3000033,6,16.64181824,15253
51,45,909.9599888,5,17.84235272,17552
48,48,903.899991,3,18.83124981,15807
9,7,896,2,99.55555556,18194
152,113,888.7199916,2,5.84684205,17566
55,45,883.149993,2,16.0572726,14597
51,41,876.3599976,9,17.18352936,17848
45,45,874.2599912,1,19.4279998,15480
26,22,866.3099943,3,33.31961516,14332
53,50,859.9899977,7,16.22622637,17007
52,52,857.5799937,2,16.49192296,15211
27,22,849.4299819,5,31.4603697,17560
103,88,845.0599943,3,8.204465964,12940
71,56,837.8899998,8,11.8012676,14344
62,62,833.7799926,2,13.4480644,16644
127,103,827.3899983,5,6.514881877,14657
41,39,825.2399969,3,20.1278048,12379
50,45,815.7699913,3,16.31539983,15399
38,38,812.7599975,1,21.38842099,12713
48,44,804.6100054,2,16.76270845,16624
47,36,799.8199918,4,17.01744663,14475
58,53,793.0999945,3,13.67413784,16560
21,6,787.849988,5,37.51666609,13323
110,98,781.2799904,4,7.102545367,15679
46,44,777.6899887,2,16.9063041,18265
46,38,773.1099967,4,16.80673906,12728
48,38,765.620005,2,15.95041677,14550
109,108,763.6299921,1,7.005779744,12965
152,110,760.1899885,8,5.001249925,16725
51,40,755.4400021,7,14.81254906,12778
45,43,750.7900004,3,16.68422223,14412
63,59,744.7399898,2,11.82126968,15353
44,44,740.7799918,2,16.8359089,15252
151,134,736.0899918,14,4.874768157,15581
35,34,730.8599981,2,20.88171423,14778
29,26,723.739994,3,24.95655152,14644
86,73,721.0799895,4,8.384651041,15533
22,20,1009.449986,3,45.88409027,16160
73,60,1002.109997,4,13.72753421,16416
59,40,997.479982,6,16.90644037,15434
18,18,990.2699785,1,55.01499881,16260
32,21,987.7399981,6,30.86687494,12691
29,27,982.4200023,3,33.8765518,15133
92,78,978.1899981,6,10.63249998,15508
93,52,971.5299886,3,10.44655902,15747
58,58,967.5499908,1,16.68189639,12446
76,66,958.9499941,8,12.61776308,13117
31,31,954.8999918,1,30.80322554,17244
67,32,946.3600011,6,14.12477614,15681
206,156,940.5199965,3,4.565631051,15787
112,86,933.6499949,4,8.336160668,17289
208,158,925.839992,4,4.451153808,16657
22,22,919.6099916,1,41.80045416,13075
64,57,915.6399912,6,14.30687486,13636
25,21,911.5499916,3,36.46199966,14712
16,15,905.0399938,2,56.56499961,17018
153,133,897.8399872,3,5.868235211,14629
50,42,889.5700035,2,17.79140007,12545
42,30,884.6599922,6,21.06333315,14931
109,93,877.6599883,3,8.051926498,17886
35,33,874.5899981,4,24.98828566,16513
58,44,870.3499997,4,15.00603448,14359
46,42,860.6499856,4,18.7097823,13200
28,22,857.8600039,3,30.63785728,14912
33,32,852.1500002,2,25.82272728,16070
58,50,845.7199906,4,14.58137915,13662
57,56,839.4999917,4,14.72807003,13203
137,120,834.7999932,1,6.093430607,16222
66,62,827.6499866,2,12.54015131,13221
44,35,826.4699883,3,18.78340883,14803
49,48,816.0999941,2,16.65510192,16108
27,25,813.1099838,2,30.11518459,14421
40,37,807.7899904,3,20.19474976,15865
48,47,801.7799903,5,16.7037498,15079
43,42,794.8900006,4,18.48581397,13720
43,37,788.9699922,4,18.34813935,12697
52,52,783.8299925,2,15.0736537,15990
103,68,778.4900015,4,7.558155354,16806
131,91,774.8599957,5,5.914961799,17180
41,35,766.8799939,5,18.7043901,12693
52,48,764.3400023,3,14.6988462,15239
43,40,760.9199926,4,17.69581378,16759
171,120,757.4399887,5,4.429473618,16470
53,42,752.3099961,2,14.19452823,15066
43,34,745.5799985,4,17.33906973,12628
35,35,741.2599992,1,21.17885712,13753
137,113,737.6800001,5,5.384525548,17516
14,13,732.6300025,2,52.33071446,16256
140,100,728.4599902,2,5.203285644,18156
38,38,721.7199954,1,18.99263146,14756
40,30,1008.159998,4,25.20399995,13282
131,103,1001.899997,7,7.648091577,15996
62,34,997.2099879,3,16.08403206,14389
45,38,990.129981,4,22.00288847,17724
59,50,987.1900003,5,16.7320339,15706
47,40,982.3799855,2,20.90170182,14138
52,49,977.9299988,5,18.80634613,15132
67,65,971.3799967,4,14.49820891,16188
128,104,965.599993,3,7.543749945,16376
61,50,958.6699879,4,15.71590144,14223
104,79,953.759987,7,9.170769106,17214
9,8,944.0999928,2,104.8999992,13261
47,28,939.3199862,6,19.98553162,17227
56,52,932.0099934,2,16.6430356,13655
157,155,925.3699927,1,5.894076387,15464
47,41,918.9799864,3,19.55276567,12822
213,153,915.4499999,9,4.297887324,17097
6,6,909.9999809,1,151.6666635,13689
10,8,904.3899999,2,90.43899999,17044
75,74,897.6199961,2,11.96826662,17537
30,30,889.2399888,1,29.64133296,17829
31,27,883.269995,2,28.49258048,17704
6,4,877.4400344,2,146.2400057,15653
33,29,874.5100007,2,26.50030305,12510
54,54,869.8699877,1,16.10870348,13979
45,43,860.4099966,2,19.12022215,12794
92,61,857.6299854,2,9.322065058,16347
86,58,850.6299897,7,9.891046392,13991
122,88,845.6399966,4,6.931475382,15965
49,39,839.1399981,4,17.12530608,13940
6,4,834.4999886,5,139.0833314,17929
55,48,827.609993,4,15.04745442,13835
36,32,825.7099876,4,22.93638855,13810
2,1,816,2,408,15649
238,166,812.9999989,4,3.415966382,15644
101,79,804.9799958,3,7.970098969,13637
91,65,801.0499958,4,8.802747206,15952
180,133,793.3799986,4,4.407666659,15525
121,72,788.6699941,5,6.517933836,16801
183,147,781.3599975,3,4.269726762,17341
6,5,777.9999864,2,129.6666644,17414
53,37,773.8400004,4,14.60075472,16092
50,41,766.8399982,3,15.33679996,13109
6,3,763.6399918,4,127.273332,17268
42,42,760.2499976,1,18.10119042,13341
54,39,756.6399971,7,14.0118518,14883
53,50,751.7499914,2,14.1839621,12701
46,30,745.0599944,4,16.1969564,14790
179,143,740.7899963,3,4.138491599,17974
39,30,736.6799876,4,18.88923045,16043
39,29,731.899984,3,18.76666626,16099
25,20,724.7599964,2,28.99039986,15636
135,85,721.6899908,9,5.345851784,17114
60,57,1011.899985,3,16.86499974,14775
51,51,1006.639991,1,19.73803903,12514
61,51,1001.489993,3,16.41786873,13867
90,68,992.7099948,4,11.03011105,16009
30,15,988.9100082,6,32.96366694,13410
14,14,983.639986,1,70.259999,14411
70,64,980.789994,6,14.01128563,14214
33,21,975.189984,3,29.55121164,12967
48,42,969.8899949,2,20.20604156,17144
63,31,962.3899939,6,15.27603165,13138
40,39,957.6599887,2,23.94149972,13823
94,77,951.209991,4,10.11925522,17405
43,33,942.2599905,3,21.91302303,14075
62,59,935.9699999,2,15.09629032,16934
97,38,927.8399917,6,9.56536074,15201
71,66,922.499988,3,12.99295758,15104
21,15,917.5199862,2,43.69142791,15654
29,29,913.1899974,2,31.48931026,15364
28,24,908.4600079,3,32.44500028,13038
52,37,902.3199947,8,17.35230759,13549
73,52,893.939986,4,12.24575323,12994
52,46,886.1100019,3,17.04057696,12541
42,37,880.4199905,2,20.96238073,14240
106,87,875.2099955,4,8.256698071,16361
54,48,873.7399899,2,16.18037018,13294
212,170,864.3499925,2,4.077122606,16121
121,107,859.759999,7,7.105454537,17109
97,90,853.8199967,3,8.802268007,16221
51,48,848.5399944,2,16.63803911,12652
159,111,841.7999912,6,5.294339567,16877
62,53,837.269994,3,13.50435474,17064
95,82,832.4799943,3,8.762947308,17759
48,42,827.159996,6,17.23249992,16235
54,47,819.2999942,4,15.17222212,14231
194,146,815.3199945,3,4.202680384,14499
75,71,811.8599941,2,10.82479992,17764
25,17,803.9899828,3,32.15959931,17076
43,33,798.6199808,4,18.57255769,17115
35,27,792.5700073,4,22.64485735,16164
51,50,787.4299937,3,15.4398038,13389
21,18,780.6499803,4,37.17380858,13220
44,37,776.7699921,4,17.65386346,17006
36,36,771.6799939,1,21.43555539,12425
15,15,765.3200006,1,51.02133338,14885
61,58,762.7899936,2,12.50475399,14672
47,39,759.2899988,3,16.15510636,13016
38,38,754.6399984,1,19.85894733,18104
42,41,748.8699977,1,17.83023804,15074
43,38,744.3199961,2,17.30976735,13730
89,69,739.4999889,4,8.308988639,16924
147,116,735.049998,5,5.000340122,17979
32,28,729.5600003,4,22.79875001,17034
49,39,723.0999906,3,14.75714266,18248
